year,price
2019年北京房价,58568元/O
2019年深圳房价,54790元/O
2019年上海房价,50945元/O
2019年厦门房价,46003元/O
2019年广州房价,31692元/O
2019年南京房价,28526元/O
2019年三亚房价,28478元/O
2019年杭州房价,27002元/O
2019年福州房价,24281元/O
2019年宁波房价,22814元/O
2019年珠海房价,21134元/O
2019年温州房价,20970元/O
2019年天津房价,20952元/O
2019年义乌房价,20554元/O
2019年苏州房价,19568元/O
2019年瑞安房价,17275元/O
2019年舟山房价,17064元/O
2019年武汉房价,16818元/O
2019年青岛房价,16340元/O
2019年东莞房价,16105元/O
2019年绍兴房价,16063元/O
2019年济南房价,16048元/O
2019年金华房价,16037元/O
2019年昆山房价,15906元/O
2019年石家庄房价,15203元/O
2019年海口房价,15002元/O
2019年台州房价,14855元/O
2019年衢州房价,14396元/O
2019年合肥房价,14226元/O
2019年常州房价,14122元/O
2019年廊坊房价,13863元/O
2019年大连房价,13796元/O
2019年南通房价,13720元/O
2019年正定房价,13676元/O
2019年郑州房价,13266元/O
2019年成都房价,13132元/O
2019年昆明房价,13117元/O
2019年扬州房价,13081元/O
2019年大理房价,13022元/O
2019年漳州房价,12935元/O
2019年无锡房价,12800元/O
2019年佛山房价,12652元/O
2019年西安房价,12446元/O
2019年兰州房价,12432元/O
2019年南昌房价,12185元/O
2019年莆田房价,12147元/O
2019年拉萨房价,11931元/O
2019年乐清房价,11923元/O
2019年嘉兴房价,11905元/O
2019年龙岩房价,11783元/O
2019年太原房价,11752元/O
2019年秦皇岛房价,11475元/O
2019年呼和浩特房价,11375元/O
2019年泉州房价,11343元/O
2019年中山房价,11202元/O
2019年重庆房价,11187元/O
2019年泰安房价,11120元/O
2019年南宁房价,10979元/O
2019年泰州房价,10920元/O
2019年保定房价,10756元/O
2019年宁德房价,10726元/O
2019年武夷山房价,10708元/O
2019年海东房价,10622元/O
2019年承德房价,10565元/O
2019年徐州房价,10538元/O
2019年沧州房价,10518元/O
2019年烟台房价,10452元/O
2019年威海房价,10202元/O
2019年日照房价,10200元/O
2019年湖州房价,10105元/O
2019年长沙房价,10078元/O
2019年盐城房价,10003元/O
2019年邯郸房价,10000元/O
2019年顺德房价,9998元/O
2019年惠州房价,9956元/O
2019年哈尔滨房价,9908元/O
2019年沈阳房价,9817元/O
2019年赤峰房价,9808元/O
2019年天水房价,9801元/O
2019年丽水房价,9734元/O
2019年聊城房价,9728元/O
2019年三明房价,9723元/O
2019年芜湖房价,9671元/O
2019年长春房价,9590元/O
2019年唐山房价,9572元/O
2019年汕头房价,9564元/O
2019年巢湖房价,9484元/O
2019年镇江房价,9393元/O
2019年柳州房价,9247元/O
2019年张家口房价,9222元/O
2019年襄阳房价,9210元/O
2019年凉山房价,9198元/O
2019年贵阳房价,9172元/O
2019年西宁房价,9165元/O
2019年章丘房价,9148元/O
2019年德州房价,8901元/O
2019年池州房价,8838元/O
2019年长治房价,8759元/O
2019年林芝房价,8750元/O
2020年北京房价,57561元/O
2020年深圳房价,56795元/O
2020年上海房价,52530元/O
2020年厦门房价,49924元/O
2020年广州房价,33364元/O
2020年三亚房价,28645元/O
2020年南京房价,28640元/O
2020年杭州房价,27851元/O
2020年宁波房价,26075元/O
2020年福州房价,23505元/O
2020年义乌房价,21897元/O
2020年温州房价,21758元/O
2020年苏州房价,21687元/O
2020年珠海房价,21037元/O
2020年天津房价,19729元/O
2020年东莞房价,18296元/O
2020年瑞安房价,17772元/O
2020年金华房价,17249元/O
2020年昆山房价,16965元/O
2020年武汉房价,16772元/O
2020年绍兴房价,16757元/O
2020年青岛房价,16619元/O
2020年南通房价,15964元/O
2020年舟山房价,15845元/O
2020年台州房价,15649元/O
2020年衢州房价,15629元/O
2020年海口房价,15312元/O
2020年济南房价,15295元/O
2020年大连房价,15128元/O
2020年常州房价,15003元/O
2020年石家庄房价,14934元/O
2020年合肥房价,14594元/O
2020年无锡房价,14101元/O
2020年成都房价,13883元/O
2020年正定房价,13676元/O
2020年扬州房价,13586元/O
2020年郑州房价,13509元/O
2020年昆明房价,13494元/O
2020年佛山房价,13173元/O
2020年漳州房价,12931元/O
2020年兰州房价,12888元/O
2020年廊坊房价,12879元/O
2020年龙岩房价,12761元/O
2020年西安房价,12748元/O
2020年大理房价,12695元/O
2020年宁德房价,12586元/O
2020年泉州房价,12514元/O
2020年莆田房价,12510元/O
2020年拉萨房价,12492元/O
2020年嘉兴房价,12289元/O
2020年南昌房价,12135元/O
2020年秦皇岛房价,12002元/O
2020年乐清房价,11788元/O
2020年呼和浩特房价,11683元/O
2020年泰州房价,11316元/O
2020年重庆房价,11275元/O
2020年盐城房价,11154元/O
2020年南宁房价,11049元/O
2020年太原房价,11017元/O
2020年中山房价,11007元/O
2020年武夷山房价,10980元/O
2020年顺德房价,10889元/O
2020年泰安房价,10854元/O
2020年徐州房价,10585元/O
2020年沧州房价,10561元/O
2020年聊城房价,10486元/O
2020年承德房价,10469元/O
2020年唐山房价,10284元/O
2020年惠州房价,10254元/O
2020年三明房价,10241元/O
2020年沈阳房价,10216元/O
2020年邯郸房价,10175元/O
2020年长沙房价,10151元/O
2020年烟台房价,10144元/O
2020年湖州房价,10075元/O
2020年日照房价,10054元/O
2020年哈尔滨房价,9999元/O
2020年宿迁房价,9977元/O
2020年西宁房价,9969元/O
2020年保定房价,9967元/O
2020年淮安房价,9942元/O
2020年天水房价,9844元/O
2020年丽水房价,9734元/O
2020年威海房价,9627元/O
2020年连云港房价,9564元/O
2020年长春房价,9533元/O
2020年汕头房价,9507元/O
2020年芜湖房价,9506元/O
2020年巢湖房价,9484元/O
2020年赤峰房价,9477元/O
2020年海东房价,9339元/O
2020年凉山房价,9330元/O
2020年镇江房价,9285元/O
2020年长治房价,9231元/O
2020年章丘房价,9148元/O
2020年襄阳房价,9113元/O
2020年池州房价,9012元/O
2020年德州房价,8987元/O
2020年晋城房价,8983元/O
2021年深圳房价,57083元/O
2021年上海房价,54473元/O
2021年北京房价,54252元/O
2021年厦门房价,50846元/O
2021年广州房价,36770元/O
2021年杭州房价,32835元/O
2021年三亚房价,29557元/O
2021年南京房价,27912元/O
2021年宁波房价,27243元/O
2021年福州房价,24284元/O
2021年珠海房价,24108元/O
2021年义乌房价,23974元/O
2021年苏州房价,22244元/O
2021年温州房价,21900元/O
2021年东莞房价,20678元/O
2021年绍兴房价,19052元/O
2021年金华房价,18568元/O
2021年瑞安房价,18561元/O
2021年昆山房价,18288元/O
2021年海口房价,18000元/O
2021年天津房价,17638元/O
2021年武汉房价,17007元/O
2021年台州房价,16966元/O
2021年衢州房价,16962元/O
2021年合肥房价,16376元/O
2021年青岛房价,16122元/O
2021年南通房价,15913元/O
2021年舟山房价,15821元/O
2021年常州房价,15554元/O
2021年大连房价,15493元/O
2021年济南房价,15325元/O
2021年泉州房价,15138元/O
2021年无锡房价,15093元/O
2021年西安房价,14535元/O
2021年佛山房价,14023元/O
2021年成都房价,13995元/O
2021年扬州房价,13960元/O
2021年莆田房价,13706元/O
2021年龙岩房价,13457元/O
2021年郑州房价,13381元/O
2021年昆明房价,13218元/O
2021年石家庄房价,13213元/O
2021年嘉兴房价,13208元/O
2021年宁德房价,13132元/O
2021年正定房价,13100元/O
2021年泰州房价,12985元/O
2021年拉萨房价,12802元/O
2021年漳州房价,12736元/O
2021年兰州房价,12621元/O
2021年文昌房价,12593元/O
2021年重庆房价,12440元/O
2021年大理房价,12363元/O
2021年乐清房价,12337元/O
2021年南昌房价,12172元/O
2021年万宁房价,11667元/O
2021年中山房价,11495元/O
2021年廊坊房价,11356元/O
2021年盐城房价,11347元/O
2021年徐州房价,11228元/O
2021年琼海房价,11206元/O
2021年聊城房价,11163元/O
2021年秦皇岛房价,11097元/O
2021年南宁房价,11025元/O
2021年东方房价,10952元/O
2021年宿迁房价,10754元/O
2021年湖州房价,10669元/O
2021年三明房价,10660元/O
2021年长沙房价,10658元/O
2021年呼和浩特房价,10628元/O
2021年丽水房价,10628元/O
2021年连云港房价,10623元/O
2021年顺德房价,10519元/O
2021年惠州房价,10503元/O
2021年泰安房价,10493元/O
2021年太原房价,10443元/O
2021年武夷山房价,10420元/O
2021年淮安房价,10326元/O
2021年汕头房价,10278元/O
2021年日照房价,10156元/O
2021年邯郸房价,10067元/O
2021年沈阳房价,10031元/O
2021年榆林房价,10015元/O
2021年西宁房价,9944元/O
2021年赣州房价,9892元/O
2021年沧州房价,9877元/O
2021年五指山房价,9836元/O
2021年芜湖房价,9809元/O
2021年哈尔滨房价,9797元/O
2021年天水房价,9733元/O
2021年唐山房价,9701元/O
2021年沭阳房价,9672元/O
2021年保定房价,9592元/O
2021年镇江房价,9522元/O
2021年大丰房价,9507元/O
2021年威海房价,9452元/O
2021年长春房价,9352元/O
2021年甘孜房价,9265元/O
2021年南平房价,9250元/O
2021年长治房价,9219元/O
2022年上海房价,60276元/O
2022年深圳房价,57752元/O
2022年北京房价,57545元/O
2022年厦门房价,52212元/O
2022年广州房价,36957元/O
2022年杭州房价,36800元/O
2022年三亚房价,29986元/O
2022年宁波房价,26591元/O
2022年南京房价,24845元/O
2022年义乌房价,24455元/O
2022年珠海房价,22822元/O
2022年东莞房价,22815元/O
2022年福州房价,22746元/O
2022年苏州房价,21090元/O
2022年温州房价,19781元/O
2022年昆山房价,18740元/O
2022年瑞安房价,18561元/O
2022年绍兴房价,18443元/O
2022年台州房价,17937元/O
2022年金华房价,17903元/O
2022年海口房价,17828元/O
2022年青岛房价,16804元/O
2022年合肥房价,16761元/O
2022年天津房价,16645元/O
2022年武汉房价,16323元/O
2022年衢州房价,16181元/O
2022年济南房价,16062元/O
2022年西安房价,15568元/O
2022年泉州房价,15526元/O
2022年成都房价,15294元/O
2022年常州房价,15121元/O
2022年南通房价,15091元/O
2022年无锡房价,14814元/O
2022年舟山房价,14791元/O
2022年佛山房价,14504元/O
2022年宁德房价,14267元/O
2022年大连房价,14179元/O
2022年莆田房价,13744元/O
2022年石家庄房价,13712元/O
2022年嘉兴房价,13685元/O
2022年丽水房价,13642元/O
2022年郑州房价,13596元/O
2022年扬州房价,13548元/O
2022年正定房价,13100元/O
2022年南昌房价,12707元/O
2022年漳州房价,12704元/O
2022年龙岩房价,12514元/O
2022年乐清房价,12337元/O
2022年泰州房价,12240元/O
2022年昆明房价,12239元/O
2022年拉萨房价,12232元/O
2022年兰州房价,11829元/O
2022年重庆房价,11660元/O
2022年榆林房价,11426元/O
2022年廊坊房价,11192元/O
2022年长沙房价,11010元/O
2022年聊城房价,10971元/O
2022年三明房价,10970元/O
2022年东方房价,10952元/O
2022年中山房价,10875元/O
2022年惠州房价,10839元/O
2022年连云港房价,10807元/O
2022年万宁房价,10762元/O
2022年汕头房价,10703元/O
2022年大理房价,10660元/O
2022年文昌房价,10591元/O
2022年南宁房价,10589元/O
2022年顺德房价,10519元/O
2022年秦皇岛房价,10517元/O
2022年呼和浩特房价,10447元/O
2022年盐城房价,10437元/O
2022年武夷山房价,10420元/O
2022年湖州房价,10417元/O
2022年邯郸房价,10328元/O
2022年琼海房价,10304元/O
2022年宿迁房价,10301元/O
2022年沧州房价,10150元/O
2022年赣州房价,10125元/O
2022年太原房价,10017元/O
2022年唐山房价,9947元/O
2022年泰安房价,9928元/O
2022年西宁房价,9894元/O
2022年日照房价,9829元/O
2022年洛阳房价,9692元/O
2022年徐州房价,9679元/O
2022年五指山房价,9674元/O
2022年沭阳房价,9672元/O
2022年芜湖房价,9667元/O
2022年淮安房价,9623元/O
2022年凉山房价,9569元/O
2022年大丰房价,9507元/O
2022年保定房价,9464元/O
2022年沈阳房价,9422元/O
2022年黄山房价,9295元/O
2022年湛江房价,9275元/O
2022年镇江房价,9264元/O
2022年德州房价,9252元/O
2022年马鞍山房价,9198元/O
2022年哈尔滨房价,9123元/O
2023年深圳房价,63788元/O
2023年上海房价,59019元/O
2023年北京房价,54190元/O
2023年厦门房价,48102元/O
2023年杭州房价,33796元/O
2023年广州房价,33250元/O
2023年三亚房价,30496元/O
2023年南京房价,25438元/O
2023年义乌房价,24252元/O
2023年宁波房价,23470元/O
2023年珠海房价,21791元/O
2023年东莞房价,21093元/O
2023年福州房价,20437元/O
2023年苏州房价,20281元/O
2023年瑞安房价,18561元/O
2023年昆山房价,17987元/O
2023年绍兴房价,17190元/O
2023年温州房价,17052元/O
2023年丽水房价,16951元/O
2023年金华房价,16847元/O
2023年天津房价,16463元/O
2023年台州房价,16394元/O
2023年太仓房价,16384元/O
2023年海口房价,16021元/O
2023年衢州房价,15431元/O
2023年青岛房价,15290元/O
2023年合肥房价,15262元/O
2023年济南房价,15142元/O
2023年武汉房价,14664元/O
2023年佛山房价,14650元/O
2023年泉州房价,14635元/O
2023年成都房价,14401元/O
2023年宁德房价,14356元/O
2023年西安房价,14126元/O
2023年无锡房价,13868元/O
2023年常州房价,13423元/O
2023年正定房价,13100元/O
2023年莆田房价,13056元/O
2023年南通房价,13054元/O
2023年石家庄房价,12746元/O
2023年嘉兴房价,12723元/O
2023年舟山房价,12713元/O
2023年大连房价,12396元/O
2023年乐清房价,12337元/O
2023年拉萨房价,12275元/O
2023年扬州房价,12121元/O
2023年榆林房价,11981元/O
2023年郑州房价,11892元/O
2023年南昌房价,11876元/O
2023年漳州房价,11667元/O
2023年昆明房价,11550元/O
2023年泰州房价,11329元/O
2023年东方房价,11276元/O
2023年三明房价,11117元/O
2023年龙岩房价,10866元/O
2023年兰州房价,10749元/O
2023年汕头房价,10577元/O
2023年重庆房价,10559元/O
2023年顺德房价,10519元/O
2023年聊城房价,10432元/O
2023年武夷山房价,10420元/O
2023年长沙房价,10416元/O
2023年万宁房价,10235元/O
2023年廊坊房价,10111元/O
2023年大理房价,10099元/O
2023年赣州房价,10012元/O
2023年邯郸房价,9966元/O
2023年惠州房价,9925元/O
2023年南宁房价,9882元/O
2023年五指山房价,9794元/O
2023年中山房价,9770元/O
2023年湖州房价,9742元/O
2023年秦皇岛房价,9702元/O
2023年沭阳房价,9672元/O
2023年连云港房价,9542元/O
2023年大丰房价,9507元/O
2023年太原房价,9439元/O
2023年凉山房价,9401元/O
2023年沧州房价,9395元/O
2023年呼和浩特房价,9380元/O
2023年琼海房价,9365元/O
2023年宿迁房价,9300元/O
2023年盐城房价,9114元/O
2023年徐州房价,9087元/O
2023年日照房价,9064元/O
2023年巢湖房价,9000元/O
2023年西宁房价,8998元/O
2023年陇南房价,8961元/O
2023年湛江房价,8926元/O
2023年芜湖房价,8884元/O
2023年文昌房价,8816元/O
2023年泰安房价,8776元/O
2023年章丘房价,8775元/O
2023年沈阳房价,8732元/O
2023年保定房价,8731元/O
2023年唐山房价,8685元/O
2023年黄山房价,8676元/O
2023年鄂尔多斯房价,8608元/O
2023年长治房价,8563元/O
2024年深圳房价,59148元/O
2024年上海房价,52218元/O
2024年北京房价,45995元/O
2024年厦门房价,38957元/O
2024年广州房价,34407元/O
2024年杭州房价,31695元/O
2024年三亚房价,27748元/O
2024年南京房价,22367元/O
2024年义乌房价,19969元/O
2024年珠海房价,19749元/O
2024年宁波房价,18819元/O
2024年瑞安房价,18561元/O
2024年苏州房价,17716元/O
2024年福州房价,17080元/O
2024年东莞房价,17042元/O
2024年丽水房价,15930元/O
2024年昆山房价,15676元/O
2024年绍兴房价,15363元/O
2024年天津房价,14871元/O
2024年台州房价,14705元/O
2024年海口房价,14644元/O
2024年温州房价,14491元/O
2024年青岛房价,14228元/O
2024年金华房价,14062元/O
2024年济南房价,13893元/O
2024年合肥房价,13504元/O
2024年成都房价,13473元/O
2024年正定房价,13100元/O
2024年太仓房价,13065元/O
2024年泉州房价,13039元/O
2024年无锡房价,12953元/O
2024年佛山房价,12878元/O
2024年宁德房价,12799元/O
2024年拉萨房价,12647元/O
2024年武汉房价,12640元/O
2024年西安房价,12635元/O
2024年乐清房价,12337元/O
2024年衢州房价,12300元/O
2024年舟山房价,12188元/O
2024年常州房价,12076元/O
2024年大连房价,11983元/O
2024年石家庄房价,11821元/O
2024年莆田房价,11735元/O
2024年嘉兴房价,11289元/O
2024年南通房价,11275元/O
2024年郑州房价,10883元/O
2024年南昌房价,10846元/O
2024年东方房价,10718元/O
2024年扬州房价,10586元/O
2024年顺德房价,10519元/O
2024年昆明房价,10432元/O
2024年武夷山房价,10420元/O
2024年泰州房价,10212元/O
2024年漳州房价,10078元/O
2024年榆林房价,9894元/O
2024年兰州房价,9823元/O
2024年陇南房价,9809元/O
2024年汕头房价,9805元/O
2024年沭阳房价,9672元/O
2024年三明房价,9658元/O
2024年重庆房价,9575元/O
2024年大丰房价,9507元/O
2024年长沙房价,9466元/O
2024年凉山房价,9407元/O
2024年邯郸房价,9398元/O
2024年大理房价,9017元/O
2024年巢湖房价,9000元/O
2024年南宁房价,8971元/O
2024年中山房价,8961元/O
2024年太原房价,8956元/O
2024年万宁房价,8937元/O
2024年龙岩房价,8886元/O
2024年呼和浩特房价,8873元/O
2024年聊城房价,8792元/O
2024年章丘房价,8775元/O
2024年五指山房价,8714元/O
2024年廊坊房价,8674元/O
2024年湖州房价,8639元/O
2024年赣州房价,8576元/O
2024年惠州房价,8553元/O
2024年连云港房价,8541元/O
2024年琼海房价,8537元/O
2024年秦皇岛房价,8454元/O
2024年湛江房价,8410元/O
2024年西宁房价,8404元/O
2024年乌鲁木齐房价,8367元/O
2024年长治房价,8362元/O
2024年鄂尔多斯房价,8293元/O
2024年泗阳房价,8292元/O
2024年沧州房价,8278元/O
2024年晋城房价,8274元/O
2024年南平房价,8248元/O
2024年甘孜房价,8183元/O
2024年潮州房价,8177元/O
2024年盐城房价,8169元/O
2024年沈阳房价,8164元/O
2024年文昌房价,8109元/O
2024年哈尔滨房价,8038元/O
2024年唐山房价,7987元/O
